City,State
New York City, New York
Los Angeles, California
Chicago, Illinois
Houston, Texas
Phoenix, Arizona
Philadelphia, Pennsylvania
San Antonio, Texas
San Diego, California
Dallas, Texas
San Jose, California
Austin, Texas
Jacksonville, Florida
Fort Worth, Texas
Columbus, Ohio
Charlotte, North Carolina
Indianapolis, Indiana
San Francisco, California
Seattle, Washington
Denver, Colorado
Washington, D.C.
Boston, Massachusetts
El Paso, Texas
Nashville, Tennessee
Detroit, Michigan
Oklahoma City, Oklahoma
Portland, Oregon
Las Vegas, Nevada
Memphis, Tennessee
Louisville, Kentucky
Baltimore, Maryland
Milwaukee, Wisconsin
Albuquerque, New Mexico
Tucson, Arizona
Fresno, California
Mesa, Arizona
Sacramento, California
Atlanta, Georgia
Kansas City, Missouri
Colorado Springs, Colorado
Miami, Florida
Raleigh, North Carolina
Omaha, Nebraska
Long Beach, California
Virginia Beach, Virginia
Oakland, California
Minneapolis, Minnesota
Tulsa, Oklahoma
Tampa, Florida
Arlington, Texas
New Orleans, Louisiana
Wichita, Kansas
Cleveland, Ohio
Bakersfield, California
Aurora, Colorado
Anaheim, California
Honolulu, Hawaii
Santa Ana, California
Riverside, California
Corpus Christi, Texas
Lexington, Kentucky
Stockton, California
St. Louis, Missouri
Saint Paul, Minnesota
Henderson, Nevada
Pittsburgh, Pennsylvania
Cincinnati, Ohio
Anchorage, Alaska
Greensboro, North Carolina
Plano, Texas
Lincoln, Nebraska
Orlando, Florida
Irvine, California
Newark, New Jersey
Toledo, Ohio
Durham, North Carolina
